original_id,serialized_id
1,0
2,1
3,2
4,3
5,4
6,5
7,6
8,7
9,8
10,9
11,10
12,11
13,12
14,13
16,14
17,15
18,16
19,17
20,18
21,19
22,20
23,21
24,22
25,23
26,24
27,25
28,26
29,27
30,28
31,29
32,30
33,31
34,32
35,33
36,34
37,35
38,36
39,37
41,38
43,39
45,40
46,41
47,42
48,43
49,44
50,45
52,46
53,47
54,48
55,49
57,50
58,51
59,52
60,53
61,54
62,55
63,56
64,57
66,58
68,59
69,60
70,61
72,62
73,63
74,64
76,65
77,66
78,67
79,68
80,69
81,70
82,71
83,72
84,73
85,74
86,75
87,76
88,77
89,78
92,79
93,80
94,81
95,82
96,83
97,84
98,85
99,86
100,87
101,88
102,89
103,90
104,91
106,92
107,93
108,94
110,95
111,96
112,97
113,98
114,99
116,100
118,101
119,102
120,103
121,104
122,105
123,106
124,107
125,108
126,109
128,110
130,111
131,112
134,113
135,114
136,115
138,116
139,117
141,118
144,119
145,120
146,121
147,122
148,123
149,124
150,125
151,126
153,127
154,128
155,129
156,130
157,131
158,132
159,133
160,134
161,135
163,136
164,137
165,138
168,139
169,140
170,141
172,142
173,143
174,144
175,145
176,146
177,147
178,148
179,149
180,150
181,151
182,152
183,153
184,154
185,155
186,156
187,157
188,158
189,159
190,160
191,161
192,162
193,163
194,164
195,165
196,166
197,167
198,168
199,169
200,170
201,171
202,172
204,173
205,174
206,175
208,176
210,177
211,178
212,179
213,180
214,181
215,182
216,183
219,184
224,185
225,186
227,187
228,188
229,189
231,190
232,191
234,192
236,193
237,194
238,195
239,196
240,197
241,198
242,199
243,200
244,201
245,202
246,203
247,204
249,205
250,206
252,207
253,208
255,209
256,210
257,211
258,212
259,213
260,214
261,215
263,216
264,217
265,218
266,219
267,220
271,221
272,222
273,223
274,224
275,225
276,226
279,227
280,228
281,229
282,230
283,231
286,232
287,233
288,234
289,235
290,236
292,237
293,238
294,239
296,240
297,241
298,242
300,243
302,244
305,245
306,246
308,247
309,248
310,249
311,250
313,251
314,252
315,253
316,254
317,255
318,256
319,257
320,258
321,259
322,260
324,261
325,262
326,263
327,264
328,265
329,266
330,267
332,268
333,269
335,270
336,271
337,272
338,273
339,274
340,275
341,276
342,277
343,278
344,279
345,280
346,281
347,282
349,283
350,284
351,285
352,286
353,287
355,288
356,289
357,290
358,291
359,292
360,293
361,294
362,295
363,296
364,297
365,298
366,299
367,300
368,301
370,302
371,303
372,304
373,305
374,306
375,307
376,308
377,309
378,310
379,311
380,312
382,313
383,314
384,315
385,316
386,317
387,318
389,319
390,320
391,321
392,322
396,323
397,324
398,325
401,326
402,327
404,328
405,329
406,330
407,331
408,332
409,333
410,334
411,335
412,336
413,337
415,338
416,339
418,340
419,341
420,342
421,343
422,344
423,345
424,346
425,347
426,348
427,349
428,350
429,351
430,352
431,353
432,354
434,355
435,356
436,357
439,358
440,359
441,360
442,361
443,362
444,363
445,364
446,365
447,366
448,367
450,368
451,369
453,370
454,371
455,372
456,373
457,374
458,375
459,376
460,377
461,378
462,379
463,380
464,381
465,382
466,383
467,384
468,385
469,386
470,387
471,388
472,389
473,390
474,391
475,392
476,393
477,394
479,395
480,396
482,397
484,398
486,399
489,400
490,401
491,402
492,403
493,404
494,405
495,406
496,407
497,408
498,409
500,410
501,411
502,412
503,413
504,414
505,415
506,416
507,417
508,418
509,419
511,420
512,421
513,422
514,423
515,424
516,425
517,426
519,427
520,428
521,429
522,430
524,431
525,432
526,433
528,434
529,435
530,436
531,437
532,438
533,439
534,440
535,441
536,442
537,443
538,444
539,445
540,446
541,447
542,448
543,449
544,450
546,451
547,452
548,453
549,454
550,455
551,456
552,457
553,458
555,459
556,460
558,461
559,462
560,463
561,464
562,465
564,466
567,467
568,468
570,469
571,470
572,471
573,472
574,473
575,474
576,475
580,476
581,477
582,478
583,479
584,480
585,481
586,482
587,483
588,484
589,485
590,486
591,487
592,488
593,489
594,490
595,491
596,492
598,493
599,494
600,495
601,496
607,497
608,498
609,499
610,500
611,501
612,502
614,503
616,504
617,505
619,506
623,507
627,508
628,509
630,510
631,511
632,512
633,513
634,514
635,515
637,516
638,517
643,518
645,519
647,520
648,521
649,522
652,523
653,524
657,525
658,526
659,527
661,528
662,529
663,530
664,531
665,532
666,533
667,534
668,535
670,536
671,537
673,538
674,539
679,540
681,541
682,542
685,543
687,544
688,545
691,546
694,547
696,548
697,549
698,550
704,551
705,552
706,553
707,554
708,555
709,556
710,557
711,558
712,559
714,560
715,561
716,562
717,563
718,564
719,565
722,566
724,567
725,568
726,569
729,570
731,571
732,572
733,573
734,574
735,575
736,576
737,577
741,578
742,579
743,580
744,581
745,582
746,583
747,584
748,585
749,586
751,587
753,588
754,589
756,590
757,591
758,592
759,593
760,594
761,595
762,596
764,597
765,598
766,599
767,600
769,601
771,602
774,603
775,604
776,605
778,606
779,607
780,608
781,609
782,610
783,611
784,612
785,613
786,614
787,615
788,616
789,617
790,618
792,619
793,620
796,621
798,622
799,623
800,624
801,625
802,626
804,627
805,628
806,629
807,630
808,631
809,632
813,633
814,634
815,635
818,636
820,637
821,638
823,639
824,640
827,641
828,642
830,643
831,644
832,645
833,646
834,647
836,648
837,649
839,650
840,651
841,652
842,653
844,654
847,655
849,656
850,657
851,658
852,659
853,660
854,661
858,662
860,663
861,664
862,665
864,666
866,667
867,668
868,669
869,670
870,671
872,672
875,673
876,674
878,675
879,676
881,677
882,678
884,679
886,680
887,681
888,682
889,683
891,684
892,685
896,686
897,687
899,688
900,689
901,690
902,691
903,692
904,693
908,694
911,695
914,696
917,697
919,698
920,699
921,700
922,701
924,702
927,703
929,704
932,705
933,706
936,707
938,708
940,709
944,710
946,711
948,712
952,713
956,714
957,715
958,716
959,717
960,718
961,719
962,720
963,721
966,722
967,723
969,724
970,725
971,726
972,727
973,728
974,729
976,730
981,731
984,732
985,733
986,734
988,735
989,736
990,737
991,738
992,739
993,740
996,741
997,742
998,743
999,744
1000,745
1003,746
1004,747
1005,748
1006,749
1007,750
1008,751
1010,752
1011,753
1012,754
1013,755
1014,756
1015,757
1017,758
1018,759
1019,760
1020,761
1021,762
1022,763
1024,764
1025,765
1027,766
1028,767
1029,768
1030,769
1031,770
1032,771
1033,772
1034,773
1035,774
1036,775
1037,776
1038,777
1040,778
1041,779
1042,780
1043,781
1046,782
1047,783
1049,784
1050,785
1051,786
1053,787
1054,788
1056,789
1057,790
1058,791
1059,792
1060,793
1061,794
1064,795
1071,796
1073,797
1078,798
1079,799
1080,800
1081,801
1083,802
1084,803
1086,804
1088,805
1089,806
1090,807
1091,808
1092,809
1093,810
1094,811
1095,812
1096,813
1097,814
1099,815
1100,816
1101,817
1102,818
1103,819
1105,820
1107,821
1111,822
1112,823
1113,824
1114,825
1116,826
1117,827
1119,828
1120,829
1123,830
1124,831
1125,832
1126,833
1127,834
1128,835
1129,836
1130,837
1131,838
1132,839
1133,840
1134,841
1135,842
1136,843
1138,844
1139,845
1147,846
1148,847
1151,848
1152,849
1153,850
1154,851
1160,852
1161,853
1164,854
1169,855
1170,856
1171,857
1172,858
1173,859
1174,860
1175,861
1176,862
1177,863
1179,864
1180,865
1181,866
1183,867
1184,868
1185,869
1186,870
1187,871
1188,872
1189,873
1190,874
1191,875
1192,876
1193,877
1194,878
1196,879
1197,880
1198,881
1199,882
1200,883
1201,884
1202,885
1204,886
1206,887
1208,888
1209,889
1210,890
1211,891
1213,892
1214,893
1215,894
1216,895
1217,896
1218,897
1220,898
1221,899
1222,900
1223,901
1224,902
1225,903
1227,904
1231,905
1232,906
1233,907
1234,908
1235,909
1236,910
1237,911
1240,912
1241,913
1242,914
1243,915
1244,916
1245,917
1246,918
1247,919
1249,920
1250,921
1252,922
1255,923
1257,924
1258,925
1259,926
1261,927
1262,928
1263,929
1264,930
1265,931
1266,932
1268,933
1270,934
1271,935
1272,936
1274,937
1275,938
1276,939
1277,940
1279,941
1280,942
1285,943
1286,944
1287,945
1288,946
1289,947
1290,948
1291,949
1293,950
1295,951
1296,952
1297,953
1298,954
1299,955
1300,956
1301,957
1302,958
1303,959
1304,960
1305,961
1306,962
1307,963
1310,964
1312,965
1315,966
1317,967
1320,968
1324,969
1325,970
1326,971
1328,972
1329,973
1331,974
1332,975
1333,976
1334,977
1335,978
1337,979
1339,980
1343,981
1345,982
1346,983
1347,984
1349,985
1350,986
1351,987
1352,988
1353,989
1354,990
1356,991
1357,992
1358,993
1359,994
1361,995
1363,996
1367,997
1369,998
1370,999
1371,1000
1372,1001
1373,1002
1374,1003
1375,1004
1376,1005
1377,1006
1378,1007
1380,1008
1381,1009
1382,1010
1384,1011
1385,1012
1387,1013
1388,1014
1389,1015
1391,1016
1392,1017
1393,1018
1394,1019
1395,1020
1396,1021
1398,1022
1399,1023
1401,1024
1405,1025
1406,1026
1407,1027
1408,1028
1410,1029
1411,1030
1412,1031
1413,1032
1415,1033
1417,1034
1419,1035
1420,1036
1421,1037
1422,1038
1423,1039
1425,1040
1426,1041
1427,1042
1428,1043
1429,1044
1431,1045
1432,1046
1433,1047
1436,1048
1437,1049
1438,1050
1440,1051
1441,1052
1442,1053
1445,1054
1446,1055
1450,1056
1453,1057
1454,1058
1455,1059
1456,1060
1457,1061
1459,1062
1461,1063
1463,1064
1464,1065
1466,1066
1470,1067
1471,1068
1472,1069
1473,1070
1474,1071
1475,1072
1476,1073
1477,1074
1479,1075
1480,1076
1483,1077
1485,1078
1486,1079
1487,1080
1488,1081
1489,1082
1490,1083
1493,1084
1495,1085
1496,1086
1497,1087
1499,1088
1500,1089
1502,1090
1503,1091
1504,1092
1507,1093
1508,1094
1509,1095
1511,1096
1513,1097
1515,1098
1516,1099
1517,1100
1518,1101
1519,1102
1520,1103
1522,1104
1523,1105
1525,1106
1526,1107
1527,1108
1528,1109
1529,1110
1531,1111
1532,1112
1534,1113
1537,1114
1538,1115
1541,1116
1542,1117
1543,1118
1544,1119
1546,1120
1547,1121
1548,1122
1549,1123
1551,1124
1552,1125
1553,1126
1555,1127
1556,1128
1561,1129
1562,1130
1563,1131
1564,1132
1566,1133
1567,1134
1569,1135
1570,1136
1571,1137
1572,1138
1573,1139
1574,1140
1575,1141
1579,1142
1580,1143
1581,1144
1583,1145
1584,1146
1585,1147
1586,1148
1587,1149
1588,1150
1589,1151
1590,1152
1592,1153
1593,1154
1594,1155
1595,1156
1596,1157
1597,1158
1598,1159
1599,1160
1601,1161
1602,1162
1603,1163
1605,1164
1606,1165
1608,1166
1609,1167
1610,1168
1614,1169
1615,1170
1616,1171
1617,1172
1619,1173
1620,1174
1621,1175
1623,1176
1624,1177
1625,1178
1626,1179
1629,1180
1631,1181
1635,1182
1636,1183
1639,1184
1640,1185
1641,1186
1643,1187
1644,1188
1645,1189
1646,1190
1647,1191
1649,1192
1650,1193
1651,1194
1652,1195
1653,1196
1654,1197
1655,1198
1656,1199
1657,1200
1658,1201
1659,1202
1660,1203
1661,1204
1662,1205
1663,1206
1664,1207
1665,1208
1666,1209
1669,1210
1670,1211
1671,1212
1672,1213
1673,1214
1674,1215
1675,1216
1676,1217
1677,1218
1680,1219
1681,1220
1682,1221
1683,1222
1686,1223
1687,1224
1688,1225
1689,1226
1690,1227
1692,1228
1693,1229
1694,1230
1696,1231
1699,1232
1701,1233
1702,1234
1703,1235
1704,1236
1707,1237
1713,1238
1715,1239
1717,1240
1718,1241
1719,1242
1721,1243
1722,1244
1726,1245
1727,1246
1729,1247
1730,1248
1732,1249
1733,1250
1734,1251
1735,1252
1739,1253
1744,1254
1747,1255
1748,1256
1749,1257
1750,1258
1752,1259
1753,1260
1754,1261
1755,1262
1756,1263
1759,1264
1760,1265
1762,1266
1764,1267
1767,1268
1769,1269
1771,1270
1772,1271
1773,1272
1777,1273
1779,1274
1780,1275
1782,1276
1783,1277
1784,1278
1787,1279
1791,1280
1792,1281
1793,1282
1794,1283
1795,1284
1796,1285
1798,1286
1799,1287
1801,1288
1804,1289
1805,1290
1806,1291
1809,1292
1810,1293
1811,1294
1812,1295
1816,1296
1817,1297
1821,1298
1824,1299
1825,1300
1827,1301
1829,1302
1830,1303
1831,1304
1832,1305
1833,1306
1834,1307
1835,1308
1839,1309
1840,1310
1841,1311
1842,1312
1843,1313
1844,1314
1845,1315
1846,1316
1848,1317
1850,1318
1851,1319
1854,1320
1855,1321
1856,1322
1857,1323
1858,1324
1859,1325
1860,1326
1861,1327
1862,1328
1864,1329
1865,1330
1866,1331
1867,1332
1870,1333
1871,1334
1872,1335
1873,1336
1874,1337
1875,1338
1876,1339
1877,1340
1878,1341
1881,1342
1882,1343
1883,1344
1884,1345
1885,1346
1887,1347
1888,1348
1889,1349
1890,1350
1891,1351
1892,1352
1893,1353
1894,1354
1895,1355
1897,1356
1898,1357
1899,1358
1900,1359
1901,1360
1903,1361
1904,1362
1906,1363
1907,1364
1908,1365
1909,1366
1910,1367
1911,1368
1912,1369
1913,1370
1914,1371
1915,1372
1916,1373
1917,1374
1918,1375
1919,1376
1920,1377
1922,1378
1923,1379
1925,1380
1926,1381
1928,1382
1932,1383
1933,1384
1936,1385
1937,1386
1938,1387
1943,1388
1947,1389
1948,1390
1949,1391
1950,1392
1951,1393
1952,1394
1953,1395
1954,1396
1955,1397
1956,1398
1957,1399
1958,1400
1959,1401
1960,1402
1961,1403
1962,1404
1963,1405
1964,1406
1965,1407
1966,1408
1967,1409
1968,1410
1969,1411
1971,1412
1972,1413
1973,1414
1974,1415
1975,1416
1976,1417
1977,1418
1978,1419
1979,1420
1980,1421
1981,1422
1982,1423
1983,1424
1984,1425
1985,1426
1987,1427
1988,1428
1989,1429
1990,1430
1991,1431
1992,1432
1993,1433
1994,1434
1995,1435
1996,1436
1998,1437
1999,1438
2000,1439
2001,1440
2002,1441
2003,1442
2004,1443
2005,1444
2006,1445
2009,1446
2010,1447
2011,1448
2012,1449
2013,1450
2014,1451
2018,1452
2019,1453
2020,1454
2021,1455
2022,1456
2023,1457
2025,1458
2026,1459
2028,1460
2031,1461
2032,1462
2033,1463
2034,1464
2035,1465
2036,1466
2038,1467
2042,1468
2044,1469
2045,1470
2046,1471
2047,1472
2048,1473
2049,1474
2050,1475
2051,1476
2052,1477
2053,1478
2054,1479
2056,1480
2058,1481
2059,1482
2060,1483
2063,1484
2064,1485
2067,1486
2068,1487
2069,1488
2071,1489
2072,1490
2074,1491
2076,1492
2078,1493
2081,1494
2082,1495
2083,1496
2084,1497
2085,1498
2086,1499
2087,1500
2089,1501
2091,1502
2092,1503
2093,1504
2097,1505
2099,1506
2100,1507
2102,1508
2103,1509
2105,1510
2107,1511
2109,1512
2111,1513
2112,1514
2113,1515
2115,1516
2116,1517
2117,1518
2118,1519
2119,1520
2120,1521
2121,1522
2122,1523
2123,1524
2124,1525
2125,1526
2126,1527
2127,1528
2128,1529
2129,1530
2130,1531
2131,1532
2133,1533
2134,1534
2135,1535
2136,1536
2137,1537
2138,1538
2139,1539
2140,1540
2142,1541
2143,1542
2144,1543
2145,1544
2146,1545
2147,1546
2149,1547
2150,1548
2151,1549
2153,1550
2154,1551
2155,1552
2156,1553
2157,1554
2158,1555
2160,1556
2161,1557
2162,1558
2163,1559
2164,1560
2165,1561
2166,1562
2167,1563
2168,1564
2169,1565
2170,1566
2172,1567
2173,1568
2174,1569
2175,1570
2176,1571
2177,1572
2178,1573
2179,1574
2181,1575
2183,1576
2184,1577
2187,1578
2188,1579
2189,1580
2191,1581
2192,1582
2193,1583
2194,1584
2195,1585
2196,1586
2197,1587
2198,1588
2200,1589
2201,1590
2205,1591
2209,1592
2211,1593
2214,1594
2221,1595
2223,1596
2227,1597
2231,1598
2232,1599
2234,1600
2237,1601
2238,1602
2239,1603
2240,1604
2241,1605
2242,1606
2243,1607
2245,1608
2247,1609
2248,1610
2249,1611
2251,1612
2253,1613
2255,1614
2258,1615
2259,1616
2261,1617
2262,1618
2263,1619
2264,1620
2265,1621
2266,1622
2267,1623
2268,1624
2269,1625
2272,1626
2273,1627
2275,1628
2276,1629
2278,1630
2279,1631
2280,1632
2282,1633
2284,1634
2285,1635
2286,1636
2288,1637
2289,1638
2291,1639
2293,1640
2294,1641
2295,1642
2296,1643
2297,1644
2298,1645
2299,1646
2300,1647
2301,1648
2302,1649
2303,1650
2304,1651
2306,1652
2309,1653
2311,1654
2312,1655
2314,1656
2315,1657
2316,1658
2318,1659
2320,1660
2321,1661
2322,1662
2323,1663
2324,1664
2325,1665
2326,1666
2327,1667
2329,1668
2330,1669
2331,1670
2332,1671
2333,1672
2334,1673
2335,1674
2336,1675
2337,1676
2338,1677
2339,1678
2340,1679
2341,1680
2342,1681
2344,1682
2347,1683
2348,1684
2349,1685
2350,1686
2351,1687
2352,1688
2353,1689
2354,1690
2355,1691
2357,1692
2358,1693
2360,1694
2363,1695
2364,1696
2365,1697
2367,1698
2368,1699
2369,1700
2370,1701
2371,1702
2372,1703
2373,1704
2374,1705
2375,1706
2376,1707
2377,1708
2378,1709
2379,1710
2380,1711
2381,1712
2382,1713
2383,1714
2384,1715
2385,1716
2386,1717
2389,1718
2390,1719
2391,1720
2392,1721
2393,1722
2394,1723
2395,1724
2396,1725
2399,1726
2400,1727
2401,1728
2402,1729
2403,1730
2404,1731
2405,1732
2406,1733
2407,1734
2409,1735
2410,1736
2411,1737
2412,1738
2413,1739
2414,1740
2415,1741
2416,1742
2418,1743
2420,1744
2421,1745
2422,1746
2423,1747
2424,1748
2425,1749
2426,1750
2427,1751
2428,1752
2431,1753
2432,1754
2433,1755
2435,1756
2438,1757
2439,1758
2440,1759
2441,1760
2442,1761
2443,1762
2445,1763
2446,1764
2447,1765
2448,1766
2449,1767
2450,1768
2451,1769
2452,1770
2455,1771
2456,1772
2458,1773
2459,1774
2460,1775
2462,1776
2463,1777
2464,1778
2466,1779
2467,1780
2469,1781
2470,1782
2471,1783
2473,1784
2474,1785
2475,1786
2476,1787
2477,1788
2478,1789
2479,1790
2480,1791
2481,1792
2482,1793
2483,1794
2485,1795
2486,1796
2487,1797
2490,1798
2491,1799
2492,1800
2493,1801
2494,1802
2495,1803
2496,1804
2497,1805
2498,1806
2499,1807
2500,1808
2501,1809
2502,1810
2503,1811
2504,1812
2505,1813
2511,1814
2512,1815
2513,1816
2514,1817
2516,1818
2517,1819
2520,1820
2521,1821
2522,1822
2523,1823
2524,1824
2525,1825
2526,1826
2529,1827
2530,1828
2531,1829
2533,1830
2534,1831
2535,1832
2536,1833
2537,1834
2538,1835
2539,1836
2540,1837
2541,1838
2542,1839
2543,1840
2544,1841
2545,1842
2546,1843
2548,1844
2549,1845
2551,1846
2552,1847
2554,1848
2555,1849
2557,1850
2558,1851
2559,1852
2560,1853
2561,1854
2563,1855
2567,1856
2568,1857
2569,1858
2570,1859
2571,1860
2572,1861
2573,1862
2574,1863
2575,1864
2576,1865
2577,1866
2579,1867
2580,1868
2581,1869
2582,1870
2583,1871
2584,1872
2585,1873
2587,1874
2589,1875
2590,1876
2591,1877
2592,1878
2593,1879
2594,1880
2596,1881
2597,1882
2599,1883
2600,1884
2602,1885
2605,1886
2606,1887
2607,1888
2609,1889
2610,1890
2611,1891
2613,1892
2614,1893
2615,1894
2616,1895
2617,1896
2618,1897
2619,1898
2620,1899
2621,1900
2622,1901
2623,1902
2624,1903
2625,1904
2628,1905
2629,1906
2631,1907
2632,1908
2635,1909
2637,1910
2638,1911
2639,1912
2640,1913
2641,1914
2642,1915
2643,1916
2646,1917
2649,1918
2650,1919
2653,1920
2655,1921
2657,1922
2658,1923
2659,1924
2661,1925
2662,1926
2663,1927
2665,1928
2666,1929
2667,1930
2668,1931
2671,1932
2672,1933
2673,1934
2674,1935
2675,1936
2676,1937
2677,1938
2678,1939
2679,1940
2681,1941
2683,1942
2685,1943
2686,1944
2687,1945
2688,1946
2689,1947
2690,1948
2691,1949
2692,1950
2693,1951
2694,1952
2695,1953
2696,1954
2697,1955
2699,1956
2700,1957
2701,1958
2702,1959
2703,1960
2704,1961
2705,1962
2706,1963
2707,1964
2708,1965
2709,1966
2711,1967
2712,1968
2713,1969
2714,1970
2715,1971
2716,1972
2717,1973
2718,1974
2719,1975
2720,1976
2721,1977
2722,1978
2723,1979
2724,1980
2728,1981
2730,1982
2731,1983
2732,1984
2733,1985
2734,1986
2735,1987
2736,1988
2737,1989
2738,1990
2739,1991
2740,1992
2741,1993
2743,1994
2744,1995
2745,1996
2746,1997
2748,1998
2749,1999
2750,2000
2753,2001
2754,2002
2755,2003
2757,2004
2758,2005
2759,2006
2760,2007
2761,2008
2762,2009
2763,2010
2764,2011
2765,2012
2767,2013
2768,2014
2769,2015
2770,2016
2771,2017
2773,2018
2774,2019
2775,2020
2776,2021
2777,2022
2778,2023
2779,2024
2780,2025
2782,2026
2784,2027
2785,2028
2786,2029
2787,2030
2788,2031
2789,2032
2790,2033
2791,2034
2792,2035
2793,2036
2794,2037
2795,2038
2796,2039
2797,2040
2798,2041
2799,2042
2800,2043
2802,2044
2803,2045
2804,2046
2805,2047
2807,2048
2808,2049
2810,2050
2812,2051
2813,2052
2815,2053
2816,2054
2818,2055
2820,2056
2821,2057
2822,2058
2823,2059
2824,2060
2825,2061
2826,2062
2827,2063
2830,2064
2836,2065
2837,2066
2839,2067
2840,2068
2841,2069
2842,2070
2844,2071
2846,2072
2850,2073
2852,2074
2853,2075
2854,2076
2855,2077
2858,2078
2860,2079
2861,2080
2862,2081
2864,2082
2865,2083
2866,2084
2867,2085
2868,2086
2869,2087
2870,2088
2871,2089
2872,2090
2873,2091
2874,2092
2875,2093
2876,2094
2877,2095
2879,2096
2880,2097
2881,2098
2884,2099
2885,2100
2886,2101
2888,2102
2889,2103
2890,2104
2891,2105
2892,2106
2893,2107
2895,2108
2896,2109
2897,2110
2898,2111
2899,2112
2900,2113
2901,2114
2902,2115
2903,2116
2904,2117
2905,2118
2906,2119
2907,2120
2908,2121
2911,2122
2912,2123
2914,2124
2915,2125
2916,2126
2917,2127
2918,2128
2919,2129
2921,2130
2922,2131
2923,2132
2924,2133
2925,2134
2926,2135
2928,2136
2931,2137
2932,2138
2933,2139
2934,2140
2935,2141
2936,2142
2937,2143
2938,2144
2939,2145
2940,2146
2943,2147
2944,2148
2945,2149
2946,2150
2947,2151
2948,2152
2949,2153
2950,2154
2951,2155
2952,2156
2953,2157
2955,2158
2956,2159
2959,2160
2962,2161
2963,2162
2964,2163
2966,2164
2968,2165
2969,2166
2970,2167
2971,2168
2973,2169
2974,2170
2976,2171
2977,2172
2978,2173
2981,2174
2982,2175
2983,2176
2985,2177
2986,2178
2987,2179
2988,2180
2989,2181
2990,2182
2991,2183
2992,2184
2993,2185
2994,2186
2995,2187
2996,2188
2997,2189
2998,2190
2999,2191
3000,2192
3002,2193
3003,2194
3005,2195
3006,2196
3007,2197
3008,2198
3010,2199
3011,2200
3012,2201
3013,2202
3016,2203
3017,2204
3019,2205
3020,2206
3021,2207
3022,2208
3024,2209
3026,2210
3028,2211
3031,2212
3033,2213
3034,2214
3036,2215
3039,2216
3040,2217
3041,2218
3042,2219
3043,2220
3044,2221
3045,2222
3046,2223
3047,2224
3049,2225
3051,2226
3052,2227
3053,2228
3054,2229
3055,2230
3056,2231
3057,2232
3058,2233
3060,2234
3063,2235
3064,2236
3066,2237
3067,2238
3068,2239
3069,2240
3070,2241
3071,2242
3072,2243
3073,2244
3074,2245
3076,2246
3077,2247
3079,2248
3081,2249
3082,2250
3083,2251
3084,2252
3085,2253
3087,2254
3089,2255
3090,2256
3091,2257
3092,2258
3096,2259
3098,2260
3100,2261
3101,2262
3102,2263
3103,2264
3104,2265
3105,2266
3106,2267
3107,2268
3108,2269
3111,2270
3112,2271
3113,2272
3114,2273
3115,2274
3116,2275
3117,2276
3119,2277
3120,2278
3125,2279
3126,2280
3128,2281
3129,2282
3130,2283
3132,2284
3133,2285
3136,2286
3139,2287
3140,2288
3142,2289
3143,2290
3144,2291
3145,2292
3146,2293
3147,2294
3148,2295
3149,2296
3153,2297
3154,2298
3155,2299
3156,2300
3157,2301
3160,2302
3163,2303
3164,2304
3168,2305
3169,2306
3171,2307
3172,2308
3173,2309
3174,2310
3175,2311
3176,2312
3177,2313
3178,2314
3179,2315
3180,2316
3182,2317
3183,2318
3184,2319
3185,2320
3186,2321
3187,2322
3188,2323
3189,2324
3190,2325
3197,2326
3198,2327
3200,2328
3201,2329
3203,2330
3204,2331
3206,2332
3208,2333
3210,2334
3212,2335
3213,2336
3214,2337
3215,2338
3217,2339
3218,2340
3219,2341
3221,2342
3222,2343
3223,2344
3225,2345
3229,2346
3230,2347
3232,2348
3233,2349
3235,2350
3236,2351
3238,2352
3239,2353
3241,2354
3243,2355
3245,2356
3246,2357
3247,2358
3248,2359
3249,2360
3250,2361
3251,2362
3252,2363
3253,2364
3255,2365
3256,2366
3257,2367
3258,2368
3259,2369
3260,2370
3261,2371
3262,2372
3263,2373
3264,2374
3265,2375
3267,2376
3269,2377
3270,2378
3271,2379
3273,2380
3274,2381
3275,2382
3277,2383
3281,2384
3283,2385
3285,2386
3287,2387
3288,2388
3289,2389
3290,2390
3292,2391
3293,2392
3294,2393
3295,2394
3298,2395
3300,2396
3301,2397
3302,2398
3303,2399
3305,2400
3308,2401
3314,2402
3316,2403
3317,2404
3318,2405
3319,2406
3322,2407
3323,2408
3324,2409
3326,2410
3327,2411
3328,2412
3329,2413
3330,2414
3331,2415
3333,2416
3337,2417
3339,2418
3342,2419
3343,2420
3344,2421
3346,2422
3347,2423
3351,2424
3352,2425
3354,2426
3355,2427
3358,2428
3359,2429
3360,2430
3361,2431
3362,2432
3363,2433
3364,2434
3365,2435
3367,2436
3372,2437
3374,2438
3375,2439
3377,2440
3378,2441
3381,2442
3382,2443
3384,2444
3386,2445
3387,2446
3388,2447
3389,2448
3390,2449
3392,2450
3393,2451
3394,2452
3396,2453
3398,2454
3399,2455
3400,2456
3401,2457
3402,2458
3406,2459
3408,2460
3409,2461
3412,2462
3415,2463
3418,2464
3419,2465
3420,2466
3421,2467
3423,2468
3424,2469
3425,2470
3426,2471
3430,2472
3431,2473
3432,2474
3433,2475
3434,2476
3439,2477
3440,2478
3441,2479
3442,2480
3443,2481
3444,2482
3446,2483
3448,2484
3449,2485
3450,2486
3451,2487
3452,2488
3454,2489
3456,2490
3457,2491
3458,2492
3459,2493
3465,2494
3471,2495
3476,2496
3477,2497
3478,2498
3479,2499
3481,2500
3483,2501
3484,2502
3486,2503
3487,2504
3488,2505
3489,2506
3490,2507
3492,2508
3494,2509
3495,2510
3496,2511
3498,2512
3499,2513
3500,2514
3501,2515
3502,2516
3503,2517
3504,2518
3505,2519
3508,2520
3509,2521
3510,2522
3511,2523
3512,2524
3513,2525
3514,2526
3516,2527
3518,2528
3519,2529
3520,2530
3521,2531
3523,2532
3524,2533
3525,2534
3526,2535
3527,2536
3528,2537
3529,2538
3531,2539
3534,2540
3535,2541
3536,2542
3537,2543
3538,2544
3539,2545
3540,2546
3542,2547
3543,2548
3545,2549
3547,2550
3550,2551
3551,2552
3552,2553
3554,2554
3555,2555
3556,2556
3557,2557
3562,2558
3564,2559
3565,2560
3566,2561
3568,2562
3569,2563
3570,2564
3571,2565
3572,2566
3573,2567
3576,2568
3577,2569
3578,2570
3579,2571
3581,2572
3584,2573
3585,2574
3586,2575
3587,2576
3591,2577
3592,2578
3593,2579
3594,2580
3595,2581
3596,2582
3597,2583
3598,2584
3600,2585
3601,2586
3602,2587
3603,2588
3604,2589
3605,2590
3606,2591
3607,2592
3608,2593
3609,2594
3611,2595
3612,2596
3613,2597
3614,2598
3615,2599
3616,2600
3617,2601
3618,2602
3619,2603
3622,2604
3623,2605
3624,2606
3625,2607
3632,2608
3633,2609
3635,2610
3638,2611
3639,2612
3640,2613
3641,2614
3644,2615
3646,2616
3649,2617
3652,2618
3654,2619
3657,2620
3658,2621
3660,2622
3662,2623
3663,2624
3665,2625
3667,2626
3668,2627
3671,2628
3674,2629
3675,2630
3676,2631
3677,2632
3678,2633
3679,2634
3680,2635
3681,2636
3682,2637
3683,2638
3684,2639
3685,2640
3686,2641
3688,2642
3689,2643
3690,2644
3691,2645
3692,2646
3693,2647
3694,2648
3695,2649
3696,2650
3697,2651
3698,2652
3699,2653
3702,2654
3703,2655
3704,2656
3705,2657
3706,2658
3707,2659
3708,2660
3709,2661
3710,2662
3712,2663
3716,2664
3717,2665
3718,2666
3723,2667
3724,2668
3725,2669
3726,2670
3727,2671
3728,2672
3729,2673
3730,2674
3731,2675
3734,2676
3735,2677
3737,2678
3740,2679
3741,2680
3744,2681
3745,2682
3748,2683
3749,2684
3751,2685
3752,2686
3753,2687
3755,2688
3756,2689
3761,2690
3763,2691
3765,2692
3766,2693
3767,2694
3768,2695
3769,2696
3770,2697
3771,2698
3773,2699
3774,2700
3775,2701
3777,2702
3778,2703
3779,2704
3780,2705
3783,2706
3784,2707
3785,2708
3786,2709
3788,2710
3789,2711
3790,2712
3791,2713
3792,2714
3793,2715
3796,2716
3797,2717
3798,2718
3799,2719
3800,2720
3805,2721
3806,2722
3807,2723
3809,2724
3810,2725
3811,2726
3812,2727
3813,2728
3814,2729
3816,2730
3818,2731
3819,2732
3821,2733
3823,2734
3824,2735
3825,2736
3826,2737
3827,2738
3830,2739
3831,2740
3832,2741
3833,2742
3834,2743
3835,2744
3837,2745
3839,2746
3840,2747
3841,2748
3843,2749
3844,2750
3845,2751
3847,2752
3848,2753
3849,2754
3851,2755
3853,2756
3854,2757
3857,2758
3858,2759
3859,2760
3860,2761
3861,2762
3862,2763
3863,2764
3867,2765
3868,2766
3869,2767
3871,2768
3872,2769
3873,2770
3874,2771
3875,2772
3877,2773
3878,2774
3879,2775
3880,2776
3882,2777
3884,2778
3886,2779
3887,2780
3888,2781
3889,2782
3892,2783
3893,2784
3895,2785
3896,2786
3897,2787
3903,2788
3906,2789
3909,2790
3910,2791
3911,2792
3913,2793
3914,2794
3915,2795
3916,2796
3917,2797
3918,2798
3919,2799
3920,2800
3922,2801
3924,2802
3927,2803
3929,2804
3933,2805
3937,2806
3938,2807
3940,2808
3941,2809
3942,2810
3943,2811
3945,2812
3946,2813
3947,2814
3948,2815
3949,2816
3950,2817
3952,2818
